DELIMITER ;
CREATE TABLE IF NOT EXISTS `ds_form_groups` (
  `name` varchar(100) NOT NULL,
  PRIMARY KEY (`name`)
);

CREATE TABLE IF NOT EXISTS `ds_form_groups_ds` (
  `name` varchar(100) NOT NULL,
  `table_name` varchar(128) NOT NULL,
  `config` json DEFAULT NULL,
  constraint `fk_ds_form_groups_ds_name` foreign key (`name`) references `ds_form_groups` (`name`),
  constraint `fk_ds_form_groups_ds_table` foreign key (`table_name`) references `ds` (`table_name`),
  PRIMARY KEY (`name`,`table_name`)
);


SET FOREIGN_KEY_CHECKS=0;
INSERT INTO `ds` (`allowform`,`alternativeformxtype`,`autosave`,`base_store_class`,`character_set_name`,`class_name`,`combined`,`cssstyle`,`default_pagesize`,`displayfield`,`existsreal`,`globalsearch`,`hint`,`listselectionmodel`,`listviewbaseclass`,`listxtypeprefix`,`modelbaseclass`,`overview_tpl`,`phpexporter`,`phpexporterfilename`,`read_filter`,`read_table`,`reorderfield`,`searchany`,`searchfield`,`showactionbtn`,`sortfield`,`special_add_panel`,`syncable`,`sync_table`,`sync_view`,`table_name`,`title`,`use_history`,`use_insert_for_update`,`writetable`) VALUES ('0','','0','Tualo.DataSets.data.Store','','Datenstamm','0','','1000','name','1','0','','cellmodel','Tualo.DataSets.ListView','','Tualo.DataSets.model.Basic','','XlsxWriter','ds_form_groups {DATE} {TIME}','','','','1','name','1','name','','0','','','ds_form_groups','DS-Formular-Gruppen','0','0','') ON DUPLICATE KEY UPDATE `allowform`=values(`allowform`),`alternativeformxtype`=values(`alternativeformxtype`),`autosave`=values(`autosave`),`base_store_class`=values(`base_store_class`),`character_set_name`=values(`character_set_name`),`class_name`=values(`class_name`),`combined`=values(`combined`),`cssstyle`=values(`cssstyle`),`default_pagesize`=values(`default_pagesize`),`displayfield`=values(`displayfield`),`existsreal`=values(`existsreal`),`globalsearch`=values(`globalsearch`),`hint`=values(`hint`),`listselectionmodel`=values(`listselectionmodel`),`listviewbaseclass`=values(`listviewbaseclass`),`listxtypeprefix`=values(`listxtypeprefix`),`modelbaseclass`=values(`modelbaseclass`),`overview_tpl`=values(`overview_tpl`),`phpexporter`=values(`phpexporter`),`phpexporterfilename`=values(`phpexporterfilename`),`read_filter`=values(`read_filter`),`read_table`=values(`read_table`),`reorderfield`=values(`reorderfield`),`searchany`=values(`searchany`),`searchfield`=values(`searchfield`),`showactionbtn`=values(`showactionbtn`),`sortfield`=values(`sortfield`),`special_add_panel`=values(`special_add_panel`),`syncable`=values(`syncable`),`sync_table`=values(`sync_table`),`sync_view`=values(`sync_view`),`table_name`=values(`table_name`),`title`=values(`title`),`use_history`=values(`use_history`),`use_insert_for_update`=values(`use_insert_for_update`),`writetable`=values(`writetable`); 
INSERT IGNORE INTO `ds_column` (`character_maximum_length`,`character_set_name`,`column_key`,`column_name`,`column_type`,`data_type`,`default_max_value`,`default_min_value`,`deferedload`,`existsreal`,`fieldtype`,`is_generated`,`is_nullable`,`is_primary`,`numeric_precision`,`numeric_scale`,`privileges`,`syncable`,`table_name`,`writeable`) VALUES ('100','utf8mb4','PRI','name','varchar(100)','varchar','0','0','0','1','','NEVER','NO','1','0','0','select,insert,update,references','0','ds_form_groups','1') ; 
INSERT IGNORE INTO `ds_column_list_label` (`active`,`align`,`column_name`,`editor`,`filterstore`,`flex`,`grouped`,`hidden`,`label`,`language`,`listfiltertype`,`position`,`renderer`,`summaryrenderer`,`summarytype`,`table_name`,`xtype`) VALUES ('1','left','name','','','1','0','0','Text','DE','','999','','','','ds_form_groups','gridcolumn') ; 
INSERT IGNORE INTO `ds_column_form_label` (`active`,`allowempty`,`column_name`,`field_path`,`flex`,`hidden`,`label`,`language`,`position`,`table_name`,`xtype`) VALUES ('1','0','name','Allgemein/Angaben','1','0','Text','DE','999','ds_form_groups','textfield') ; 
INSERT IGNORE INTO `ds_dropdownfields` (`displayfield`,`filterconfig`,`idfield`,`name`,`table_name`) VALUES ('name','','name','name','ds_form_groups') ; 
INSERT IGNORE INTO `ds_access` (`append`,`delete`,`read`,`role`,`table_name`,`write`) VALUES ('0','0','1','_default_','ds_form_groups','0') ; 
INSERT IGNORE INTO `ds_access` (`append`,`delete`,`read`,`role`,`table_name`,`write`) VALUES ('1','1','1','administration','ds_form_groups','1') ; 
REPLACE INTO `docsystem_ds` (`table_name`) VALUES ('ds_form_groups') ; 
SET FOREIGN_KEY_CHECKS=1;


SET FOREIGN_KEY_CHECKS=0;
INSERT INTO `ds` (`allowform`,`alternativeformxtype`,`autosave`,`base_store_class`,`character_set_name`,`class_name`,`combined`,`cssstyle`,`default_pagesize`,`displayfield`,`existsreal`,`globalsearch`,`hint`,`listselectionmodel`,`listviewbaseclass`,`listxtypeprefix`,`modelbaseclass`,`overview_tpl`,`phpexporter`,`phpexporterfilename`,`read_filter`,`read_table`,`reorderfield`,`searchany`,`searchfield`,`showactionbtn`,`sortfield`,`special_add_panel`,`syncable`,`sync_table`,`sync_view`,`table_name`,`title`,`use_history`,`use_insert_for_update`,`writetable`) VALUES ('0','','0','Tualo.DataSets.data.Store','','Datenstamm','0','','1000','name','1','0','','cellmodel','Tualo.DataSets.ListView','','Tualo.DataSets.model.Basic','','XlsxWriter','ds_form_groups_ds {DATE} {TIME}','','','','0','name','1','name','','0','','','ds_form_groups_ds','DS-Formular-Gruppen-Konfiguration','0','0','') ON DUPLICATE KEY UPDATE `allowform`=values(`allowform`),`alternativeformxtype`=values(`alternativeformxtype`),`autosave`=values(`autosave`),`base_store_class`=values(`base_store_class`),`character_set_name`=values(`character_set_name`),`class_name`=values(`class_name`),`combined`=values(`combined`),`cssstyle`=values(`cssstyle`),`default_pagesize`=values(`default_pagesize`),`displayfield`=values(`displayfield`),`existsreal`=values(`existsreal`),`globalsearch`=values(`globalsearch`),`hint`=values(`hint`),`listselectionmodel`=values(`listselectionmodel`),`listviewbaseclass`=values(`listviewbaseclass`),`listxtypeprefix`=values(`listxtypeprefix`),`modelbaseclass`=values(`modelbaseclass`),`overview_tpl`=values(`overview_tpl`),`phpexporter`=values(`phpexporter`),`phpexporterfilename`=values(`phpexporterfilename`),`read_filter`=values(`read_filter`),`read_table`=values(`read_table`),`reorderfield`=values(`reorderfield`),`searchany`=values(`searchany`),`searchfield`=values(`searchfield`),`showactionbtn`=values(`showactionbtn`),`sortfield`=values(`sortfield`),`special_add_panel`=values(`special_add_panel`),`syncable`=values(`syncable`),`sync_table`=values(`sync_table`),`sync_view`=values(`sync_view`),`table_name`=values(`table_name`),`title`=values(`title`),`use_history`=values(`use_history`),`use_insert_for_update`=values(`use_insert_for_update`),`writetable`=values(`writetable`); 
INSERT IGNORE INTO `ds_column` (`character_maximum_length`,`character_set_name`,`column_key`,`column_name`,`column_type`,`data_type`,`default_max_value`,`default_min_value`,`deferedload`,`existsreal`,`fieldtype`,`is_generated`,`is_nullable`,`is_primary`,`numeric_precision`,`numeric_scale`,`privileges`,`syncable`,`table_name`,`writeable`) VALUES ('4294967295','utf8mb4','','config','longtext','longtext','0','0','0','1','','NEVER','YES','0','0','0','select,insert,update,references','0','ds_form_groups_ds','1') ; 
INSERT IGNORE INTO `ds_column` (`character_maximum_length`,`character_set_name`,`column_key`,`column_name`,`column_type`,`data_type`,`default_max_value`,`default_min_value`,`deferedload`,`existsreal`,`fieldtype`,`is_generated`,`is_nullable`,`is_primary`,`numeric_precision`,`numeric_scale`,`privileges`,`syncable`,`table_name`,`writeable`) VALUES ('100','utf8mb4','PRI','name','varchar(100)','varchar','0','0','0','1','','NEVER','NO','1','0','0','select,insert,update,references','0','ds_form_groups_ds','1') ; 
INSERT IGNORE INTO `ds_column` (`character_maximum_length`,`character_set_name`,`column_key`,`column_name`,`column_type`,`data_type`,`default_max_value`,`default_min_value`,`deferedload`,`existsreal`,`fieldtype`,`is_generated`,`is_nullable`,`is_primary`,`numeric_precision`,`numeric_scale`,`privileges`,`syncable`,`table_name`,`writeable`) VALUES ('128','utf8mb4','PRI','table_name','varchar(128)','varchar','0','0','0','1','','NEVER','NO','1','0','0','select,insert,update,references','0','ds_form_groups_ds','1') ; 
INSERT IGNORE INTO `ds_column_list_label` (`active`,`align`,`column_name`,`editor`,`filterstore`,`flex`,`grouped`,`hidden`,`label`,`language`,`listfiltertype`,`position`,`renderer`,`summaryrenderer`,`summarytype`,`table_name`,`xtype`) VALUES ('1','left','config','','','1','0','0','Configuration','DE','','2','','','','ds_form_groups_ds','gridcolumn') ; 
INSERT IGNORE INTO `ds_column_list_label` (`active`,`align`,`column_name`,`editor`,`filterstore`,`flex`,`grouped`,`hidden`,`label`,`language`,`listfiltertype`,`position`,`renderer`,`summaryrenderer`,`summarytype`,`table_name`,`xtype`) VALUES ('1','left','name','','','1','0','0','Name','DE','','1','','','','ds_form_groups_ds','column_ds_form_groups_name') ; 
INSERT IGNORE INTO `ds_column_list_label` (`active`,`align`,`column_name`,`editor`,`filterstore`,`flex`,`grouped`,`hidden`,`label`,`language`,`listfiltertype`,`position`,`renderer`,`summaryrenderer`,`summarytype`,`table_name`,`xtype`) VALUES ('1','left','table_name','','','1','0','0','Tabelle','DE','','0','','','','ds_form_groups_ds','column_ds_tabelle') ; 
INSERT IGNORE INTO `ds_column_form_label` (`active`,`allowempty`,`column_name`,`field_path`,`flex`,`hidden`,`label`,`language`,`position`,`table_name`,`xtype`) VALUES ('1','0','config','Allgemein/Angaben','1','0','Configuration','DE','2','ds_form_groups_ds','tualocodejson') ; 
INSERT IGNORE INTO `ds_column_form_label` (`active`,`allowempty`,`column_name`,`field_path`,`flex`,`hidden`,`label`,`language`,`position`,`table_name`,`xtype`) VALUES ('1','0','name','Allgemein/Angaben','1','0','Name','DE','1','ds_form_groups_ds','combobox_ds_form_groups_name') ; 
INSERT IGNORE INTO `ds_column_form_label` (`active`,`allowempty`,`column_name`,`field_path`,`flex`,`hidden`,`label`,`language`,`position`,`table_name`,`xtype`) VALUES ('1','0','table_name','Allgemein/Angaben','1','0','Tabelle','DE','0','ds_form_groups_ds','combobox_ds_tabelle') ; 
INSERT IGNORE INTO `ds_reference_tables` (`active`,`autosync`,`columnsdef`,`constraint_name`,`existsreal`,`path`,`position`,`reference_table_name`,`searchable`,`table_name`,`tabtitle`) VALUES ('0','0','{\"table_name\":\"table_name\"}','fk_ds_form_groups_ds_table','1','','999','ds','0','ds_form_groups_ds','') ; 
INSERT IGNORE INTO `ds_reference_tables` (`active`,`autosync`,`columnsdef`,`constraint_name`,`existsreal`,`path`,`position`,`reference_table_name`,`searchable`,`table_name`,`tabtitle`) VALUES ('0','0','{\"name\":\"name\"}','fk_ds_form_groups_ds_name','1','','999','ds_form_groups','0','ds_form_groups_ds','') ; 
INSERT IGNORE INTO `ds_access` (`append`,`delete`,`read`,`role`,`table_name`,`write`) VALUES ('0','0','1','_default_','ds_form_groups_ds','0') ; 
INSERT IGNORE INTO `ds_access` (`append`,`delete`,`read`,`role`,`table_name`,`write`) VALUES ('1','1','1','administration','ds_form_groups_ds','1') ; 
REPLACE INTO `docsystem_ds` (`table_name`) VALUES ('ds_form_groups_ds') ; 
SET FOREIGN_KEY_CHECKS=1;